"trackedTime_EST","radioID","has_matching_receiver"
2024-06-25 05:59:00,"55",TRUE
2024-06-25 06:02:00,"16",TRUE
2024-06-25 06:07:00,"53",TRUE
2024-06-25 06:11:00,"22",TRUE
2024-06-25 06:20:00,"21",TRUE
2024-06-25 06:21:00,"25",TRUE
2024-06-25 06:26:00,"24",TRUE
2024-06-25 06:34:00,"54",TRUE
2024-06-25 06:35:00,"48",TRUE
2024-06-25 06:48:00,"49",TRUE
2024-06-25 06:49:00,"42",TRUE
2024-06-25 06:51:00,"23",TRUE
2024-06-25 07:51:00,"22",TRUE
2024-06-25 07:53:00,"16",TRUE
2024-06-25 07:57:00,"55",TRUE
2024-06-25 07:59:00,"53",TRUE
2024-06-25 08:03:00,"21",TRUE
2024-06-25 08:04:00,"24",TRUE
2024-06-25 08:05:00,"25",TRUE
2024-06-25 08:08:00,"54",TRUE
2024-06-25 08:10:00,"48",TRUE
2024-06-25 08:15:00,"23",TRUE
2024-06-25 08:16:00,"42",TRUE
2024-06-25 08:16:00,"49",TRUE
2024-06-25 09:16:00,"22",TRUE
2024-06-25 09:23:00,"16",TRUE
2024-06-25 09:24:00,"53",TRUE
2024-06-25 09:25:00,"55",TRUE
2024-06-25 09:28:00,"21",TRUE
2024-06-25 09:29:00,"24",TRUE
2024-06-25 09:30:00,"24",TRUE
2024-06-25 09:32:00,"54",TRUE
2024-06-25 09:33:00,"48",TRUE
2024-06-25 09:38:00,"49",TRUE
2024-06-25 09:39:00,"42",TRUE
2024-06-25 09:40:00,"23",TRUE
2024-06-25 17:52:00,"22",TRUE
2024-06-25 17:55:00,"55",TRUE
2024-06-25 17:58:00,"16",TRUE
2024-06-25 18:05:00,"53",TRUE
2024-06-25 18:11:00,"21",TRUE
2024-06-25 18:12:00,"25",TRUE
2024-06-25 18:14:00,"24",TRUE
2024-06-25 18:16:00,"54",TRUE
2024-06-25 18:26:00,"48",TRUE
2024-06-25 18:35:00,"23",TRUE
2024-06-25 18:36:00,"42",TRUE
2024-06-25 18:36:00,"49",TRUE
2024-06-25 18:56:00,"16",TRUE
2024-06-25 18:57:00,"53",TRUE
2024-06-25 18:58:00,"55",TRUE
2024-06-25 19:03:00,"22",TRUE
2024-06-25 19:11:00,"24",TRUE
2024-06-25 19:12:00,"21",TRUE
2024-06-25 19:14:00,"25",TRUE
2024-06-25 19:16:00,"54",TRUE
2024-06-25 19:17:00,"48",TRUE
2024-06-25 19:23:00,"23",TRUE
2024-06-25 19:24:00,"42",TRUE
2024-06-25 19:25:00,"49",TRUE
2024-06-25 20:07:00,"22",TRUE
2024-06-25 20:09:00,"55",TRUE
2024-06-25 20:16:00,"53",TRUE
2024-06-25 20:21:00,"16",TRUE
2024-06-25 20:27:00,"25",TRUE
2024-06-25 20:32:00,"21",TRUE
2024-06-25 20:38:00,"24",TRUE
2024-06-25 20:42:00,"54",TRUE
2024-06-25 20:49:00,"48",TRUE
2024-06-25 20:56:00,"23",TRUE
2024-06-25 20:57:00,"42",TRUE
2024-06-25 21:01:00,"49",TRUE
2024-06-25 21:33:00,"22",TRUE
2024-06-25 21:39:00,"16",TRUE
2024-06-25 21:40:00,"53",TRUE
2024-06-25 21:42:00,"55",TRUE
2024-06-25 21:46:00,"24",TRUE
2024-06-25 21:49:00,"21",TRUE
2024-06-25 21:50:00,"25",TRUE
2024-06-25 21:53:00,"54",TRUE
2024-06-25 21:58:00,"48",TRUE
2024-06-25 22:03:00,"42",TRUE
2024-06-25 22:04:00,"23",TRUE
2024-06-25 22:06:00,"49",TRUE
2024-06-25 22:18:00,"22",TRUE
2024-06-25 22:20:00,"16",TRUE
2024-06-25 22:25:00,"55",TRUE
2024-06-25 22:27:00,"53",TRUE
2024-06-25 22:32:00,"25",TRUE
2024-06-25 22:34:00,"21",TRUE
2024-06-25 22:36:00,"24",TRUE
2024-06-25 22:39:00,"54",TRUE
2024-06-25 22:43:00,"48",TRUE
2024-06-25 22:49:00,"42",TRUE
2024-06-25 22:50:00,"23",TRUE
2024-06-25 22:54:00,"49",TRUE
2024-06-26 05:26:00,"56",TRUE
2024-06-26 05:33:00,"14",TRUE
2024-06-26 05:47:00,"18",TRUE
2024-06-26 05:50:00,"19",TRUE
2024-06-26 06:05:00,"20",TRUE
2024-06-26 06:30:00,"59",TRUE
2024-06-26 06:31:00,"56",TRUE
2024-06-26 06:36:00,"14",TRUE
2024-06-26 06:45:00,"18",TRUE
2024-06-26 06:50:00,"62",TRUE
2024-06-26 06:54:00,"57",TRUE
2024-06-26 07:02:00,"20",TRUE
2024-06-26 07:49:00,"61",TRUE
2024-06-26 08:28:00,"60",TRUE
2024-06-26 08:38:00,"62",TRUE
2024-06-26 08:39:00,"57",TRUE
2024-06-26 08:44:00,"18",TRUE
2024-06-26 08:45:00,"19",TRUE
2024-06-26 08:49:00,"14",TRUE
2024-06-26 08:53:00,"56",TRUE
2024-06-26 09:05:00,"20",TRUE
2024-06-26 09:17:00,"59",TRUE
2024-06-26 09:29:00,"61",FALSE
2024-06-26 10:14:00,"60",TRUE
2024-06-26 17:26:00,"60",TRUE
2024-06-26 17:34:00,"62",TRUE
2024-06-26 17:34:00,"57",TRUE
2024-06-26 17:40:00,"19",TRUE
2024-06-26 17:41:00,"18",TRUE
2024-06-26 17:45:00,"14",TRUE
2024-06-26 17:49:00,"56",TRUE
2024-06-26 17:50:00,"59",TRUE
2024-06-26 17:53:00,"20",TRUE
2024-06-26 18:34:00,"61",TRUE
2024-06-26 18:51:00,"60",TRUE
2024-06-26 18:59:00,"62",TRUE
2024-06-26 19:03:00,"57",TRUE
2024-06-26 19:06:00,"19",TRUE
2024-06-26 19:08:00,"18",TRUE
2024-06-26 19:10:00,"14",TRUE
2024-06-26 19:12:00,"56",TRUE
2024-06-26 19:14:00,"59",TRUE
2024-06-26 19:16:00,"20",TRUE
2024-06-26 19:25:00,"61",TRUE
2024-06-26 20:05:00,"60",TRUE
2024-06-26 20:14:00,"57",TRUE
2024-06-26 20:15:00,"62",TRUE
2024-06-26 20:18:00,"19",TRUE
2024-06-26 20:20:00,"18",TRUE
2024-06-26 20:23:00,"14",TRUE
2024-06-26 20:27:00,"56",TRUE
2024-06-26 20:28:00,"59",TRUE
2024-06-26 20:34:00,"20",TRUE
2024-06-26 21:03:00,"61",TRUE
2024-06-27 05:23:00,"41",TRUE
2024-06-27 05:26:00,"43",TRUE
2024-06-27 05:30:00,"40",TRUE
2024-06-27 05:35:00,"34",TRUE
2024-06-27 06:04:00,"45",TRUE
2024-06-27 06:06:00,"27",TRUE
2024-06-27 06:08:00,"44",TRUE
2024-06-27 06:21:00,"35",TRUE
2024-06-27 06:35:00,"36",TRUE
2024-06-27 08:15:00,"41",TRUE
2024-06-27 08:22:00,"43",TRUE
2024-06-27 08:27:00,"40",TRUE
2024-06-27 08:35:00,"34",TRUE
2024-06-27 08:41:00,"33",TRUE
2024-06-27 08:47:00,"45",TRUE
2024-06-27 08:50:00,"27",TRUE
2024-06-27 08:52:00,"44",TRUE
2024-06-27 09:03:00,"35",TRUE
2024-06-27 09:14:00,"36",TRUE
2024-06-27 09:46:00,"41",TRUE
2024-06-27 09:49:00,"43",TRUE
2024-06-27 09:52:00,"40",TRUE
2024-06-27 10:02:00,"45",TRUE
2024-06-27 10:03:00,"27",TRUE
2024-06-27 10:05:00,"44",TRUE
2024-06-27 10:13:00,"35",TRUE
2024-06-27 10:23:00,"36",TRUE
2024-06-27 17:42:00,"41",TRUE
2024-06-27 17:44:00,"43",TRUE
2024-06-27 17:49:00,"40",TRUE
2024-06-27 17:55:00,"34",TRUE
2024-06-27 17:56:00,"33",TRUE
2024-06-27 18:05:00,"36",TRUE
2024-06-27 18:14:00,"45",TRUE
2024-06-27 18:15:00,"27",TRUE
2024-06-27 18:19:00,"44",TRUE
2024-06-27 18:40:00,"35",TRUE
2024-06-27 19:25:00,"41",TRUE
2024-06-27 19:30:00,"43",TRUE
2024-06-27 19:35:00,"40",TRUE
2024-06-27 19:39:00,"33",TRUE
2024-06-27 19:40:00,"34",TRUE
2024-06-27 19:45:00,"36",TRUE
2024-06-27 19:56:00,"27",TRUE
2024-06-27 19:56:00,"45",TRUE
2024-06-27 20:00:00,"44",TRUE
2024-06-27 20:20:00,"35",TRUE
2024-06-27 21:25:00,"41",TRUE
2024-06-27 21:29:00,"43",TRUE
2024-06-27 21:36:00,"40",TRUE
2024-06-27 21:46:00,"34",TRUE
2024-06-27 21:48:00,"33",TRUE
2024-06-27 21:54:00,"36",TRUE
2024-06-27 22:04:00,"45",TRUE
2024-06-27 22:06:00,"27",TRUE
2024-06-27 22:12:00,"44",TRUE
2024-06-27 22:28:00,"35",TRUE
2024-06-28 06:49:00,"46",TRUE
2024-06-28 07:18:00,"31",TRUE
2024-06-28 07:25:00,"28",TRUE
2024-06-28 07:28:00,"26",TRUE
2024-06-28 07:30:00,"37",TRUE
2024-06-28 07:38:00,"38",TRUE
2024-06-28 09:39:00,"31",TRUE
2024-06-28 09:42:00,"28",TRUE
2024-06-28 09:48:00,"26",TRUE
2024-06-28 09:53:00,"37",TRUE
2024-06-28 10:00:00,"38",TRUE
2024-06-28 17:40:00,"31",TRUE
2024-06-28 17:46:00,"28",TRUE
2024-06-28 17:51:00,"26",TRUE
2024-06-28 17:55:00,"37",TRUE
2024-06-28 18:08:00,"32",TRUE
2024-06-28 18:16:00,"38",TRUE
2024-06-28 18:24:00,"31",TRUE
2024-06-28 18:27:00,"28",TRUE
2024-06-28 18:36:00,"32",TRUE
2024-06-28 18:37:00,"26",TRUE
2024-06-28 18:39:00,"37",TRUE
2024-06-28 18:42:00,"38",TRUE
2024-06-28 19:18:00,"31",TRUE
2024-06-28 19:22:00,"28",TRUE
2024-06-28 19:27:00,"32",TRUE
2024-06-28 19:30:00,"26",TRUE
2024-06-28 19:31:00,"37",TRUE
2024-06-28 19:35:00,"38",TRUE
2024-06-28 20:17:00,"31",TRUE
2024-06-28 20:22:00,"28",TRUE
2024-06-28 20:24:00,"32",TRUE
2024-06-28 20:26:00,"26",TRUE
2024-06-28 20:28:00,"37",TRUE
2024-06-28 20:33:00,"38",TRUE
2024-06-28 21:19:00,"31",TRUE
2024-06-28 21:22:00,"28",TRUE
2024-06-28 21:26:00,"32",TRUE
2024-06-28 21:29:00,"26",TRUE
2024-06-28 21:31:00,"37",TRUE
2024-06-28 21:36:00,"38",TRUE
2024-06-28 22:14:00,"31",TRUE
2024-06-28 22:17:00,"28",TRUE
2024-06-28 22:19:00,"32",TRUE
2024-06-28 22:21:00,"26",TRUE
2024-06-28 22:26:00,"37",TRUE
2024-06-28 22:30:00,"38",TRUE
2024-06-30 04:39:00,"22",TRUE
2024-06-30 04:42:00,"16",TRUE
2024-06-30 04:43:00,"55",TRUE
2024-06-30 04:50:00,"21",TRUE
2024-06-30 04:51:00,"25",TRUE
2024-06-30 04:51:00,"24",TRUE
2024-06-30 04:53:00,"54",TRUE
2024-06-30 04:55:00,"48",TRUE
2024-06-30 05:00:00,"42",TRUE
2024-06-30 05:06:00,"49",TRUE
2024-06-30 05:52:00,"53",TRUE
2024-06-30 06:00:00,"42",TRUE
2024-06-30 06:02:00,"49",TRUE
2024-06-30 06:09:00,"48",TRUE
2024-06-30 06:12:00,"54",TRUE
2024-06-30 06:16:00,"21",TRUE
2024-06-30 06:17:00,"24",TRUE
2024-06-30 06:26:00,"25",TRUE
2024-06-30 06:30:00,"55",TRUE
2024-06-30 06:32:00,"16",TRUE
2024-06-30 06:34:00,"22",TRUE
2024-06-30 07:10:00,"22",TRUE
2024-06-30 07:14:00,"55",TRUE
2024-06-30 07:15:00,"16",TRUE
2024-06-30 07:20:00,"25",TRUE
2024-06-30 07:25:00,"24",TRUE
2024-06-30 07:26:00,"21",TRUE
2024-06-30 07:36:00,"54",TRUE
2024-06-30 07:39:00,"48",TRUE
2024-06-30 07:45:00,"49",TRUE
2024-06-30 07:46:00,"42",TRUE
2024-06-30 08:18:00,"22",TRUE
2024-06-30 08:21:00,"16",TRUE
2024-06-30 08:29:00,"55",TRUE
2024-06-30 08:34:00,"24",TRUE
2024-06-30 08:34:00,"21",TRUE
2024-06-30 08:35:00,"25",TRUE
2024-06-30 08:39:00,"54",TRUE
2024-06-30 08:41:00,"48",TRUE
2024-06-30 08:47:00,"42",TRUE
2024-06-30 08:48:00,"49",TRUE
2024-06-30 13:37:00,"22",TRUE
2024-06-30 13:38:00,"55",TRUE
2024-06-30 13:42:00,"16",TRUE
2024-06-30 13:47:00,"21",TRUE
2024-06-30 13:47:00,"24",TRUE
2024-06-30 13:48:00,"25",TRUE
2024-06-30 13:50:00,"54",TRUE
2024-06-30 13:54:00,"48",TRUE
2024-06-30 13:59:00,"42",TRUE
2024-06-30 14:00:00,"49",TRUE
2024-06-30 15:15:00,"22",TRUE
2024-06-30 15:20:00,"16",TRUE
2024-06-30 15:23:00,"55",TRUE
2024-06-30 15:28:00,"21",TRUE
2024-06-30 15:30:00,"24",TRUE
2024-06-30 15:31:00,"25",TRUE
2024-06-30 16:50:00,"54",TRUE
2024-06-30 16:53:00,"48",TRUE
2024-06-30 17:01:00,"49",TRUE
2024-06-30 17:03:00,"42",TRUE
2024-06-30 18:09:00,"53",TRUE
2024-06-30 18:29:00,"49",TRUE
2024-06-30 18:30:00,"42",TRUE
2024-06-30 18:37:00,"48",TRUE
2024-06-30 18:41:00,"54",TRUE
2024-06-30 18:45:00,"25",TRUE
2024-06-30 18:49:00,"24",TRUE
2024-06-30 18:55:00,"16",TRUE
2024-06-30 18:56:00,"55",TRUE
2024-06-30 18:57:00,"22",TRUE
2024-07-01 03:51:00,"31",TRUE
2024-07-01 03:56:00,"28",TRUE
2024-07-01 04:10:00,"32",TRUE
2024-07-01 04:13:00,"26",TRUE
2024-07-01 04:15:00,"37",TRUE
2024-07-01 04:49:00,"38",TRUE
2024-07-01 05:10:00,"31",TRUE
2024-07-01 05:14:00,"28",TRUE
2024-07-01 05:19:00,"32",TRUE
2024-07-01 05:22:00,"26",TRUE
2024-07-01 05:23:00,"37",TRUE
2024-07-01 05:35:00,"38",TRUE
2024-07-01 06:07:00,"31",TRUE
2024-07-01 06:15:00,"32",TRUE
2024-07-01 06:18:00,"26",TRUE
2024-07-01 06:20:00,"37",TRUE
2024-07-01 06:31:00,"38",TRUE
2024-07-01 07:04:00,"31",TRUE
2024-07-01 07:25:00,"26",TRUE
2024-07-01 07:26:00,"37",TRUE
2024-07-01 07:29:00,"32",TRUE
2024-07-01 07:41:00,"38",TRUE
2024-07-01 08:08:00,"31",TRUE
2024-07-01 08:11:00,"26",TRUE
2024-07-01 08:12:00,"37",TRUE
2024-07-01 08:13:00,"32",TRUE
2024-07-01 08:22:00,"38",TRUE
2024-07-01 13:53:00,"31",TRUE
2024-07-01 13:56:00,"28",TRUE
2024-07-01 14:01:00,"37",TRUE
2024-07-01 14:02:00,"32",TRUE
2024-07-01 14:03:00,"26",TRUE
2024-07-01 14:45:00,"31",TRUE
2024-07-01 14:47:00,"28",TRUE
2024-07-01 14:49:00,"26",TRUE
2024-07-01 14:50:00,"32",TRUE
2024-07-01 14:50:00,"37",TRUE
2024-07-01 14:56:00,"29",FALSE
2024-07-01 15:41:00,"38",TRUE
2024-07-01 16:26:00,"31",TRUE
2024-07-01 16:30:00,"28",TRUE
2024-07-01 16:32:00,"26",TRUE
2024-07-01 16:33:00,"32",TRUE
2024-07-01 16:33:00,"37",TRUE
2024-07-01 16:41:00,"38",FALSE
2024-07-01 17:21:00,"31",FALSE
2024-07-01 17:24:00,"28",FALSE
2024-07-01 17:25:00,"26",FALSE
2024-07-01 17:27:00,"32",FALSE
2024-07-01 17:28:00,"37",FALSE
2024-07-01 17:36:00,"38",FALSE
2024-07-02 03:31:00,"60",TRUE
2024-07-02 03:44:00,"57",TRUE
2024-07-02 03:45:00,"62",TRUE
2024-07-02 03:53:00,"19",TRUE
2024-07-02 03:54:00,"18",TRUE
2024-07-02 04:06:00,"14",TRUE
2024-07-02 04:11:00,"56",TRUE
2024-07-02 04:17:00,"20",TRUE
2024-07-02 04:55:00,"61",TRUE
2024-07-02 05:27:00,"60",TRUE
2024-07-02 05:43:00,"57",TRUE
2024-07-02 05:47:00,"62",TRUE
2024-07-02 05:53:00,"18",TRUE
2024-07-02 05:54:00,"19",TRUE
2024-07-02 05:56:00,"14",TRUE
2024-07-02 05:58:00,"56",TRUE
2024-07-02 06:05:00,"20",TRUE
2024-07-02 06:23:00,"61",TRUE
2024-07-02 07:10:00,"60",TRUE
2024-07-02 07:30:00,"62",TRUE
2024-07-02 07:31:00,"57",TRUE
2024-07-02 07:50:00,"18",TRUE
2024-07-02 07:51:00,"19",TRUE
2024-07-02 07:53:00,"14",TRUE
2024-07-02 07:59:00,"56",TRUE
2024-07-02 08:39:00,"20",TRUE
2024-07-02 08:51:00,"61",TRUE
2024-07-02 13:10:00,"57",TRUE
2024-07-02 13:15:00,"62",TRUE
2024-07-02 13:21:00,"60",TRUE
2024-07-02 13:46:00,"18",TRUE
2024-07-02 13:47:00,"19",TRUE
2024-07-02 13:54:00,"14",TRUE
2024-07-02 14:01:00,"56",TRUE
2024-07-02 14:04:00,"20",TRUE
2024-07-02 14:27:00,"61",TRUE
2024-07-02 14:45:00,"60",TRUE
2024-07-02 14:51:00,"57",TRUE
2024-07-02 14:51:00,"62",TRUE
2024-07-02 14:54:00,"18",TRUE
2024-07-02 14:55:00,"19",TRUE
2024-07-02 14:55:00,"14",TRUE
2024-07-02 14:57:00,"56",TRUE
2024-07-02 15:00:00,"20",TRUE
2024-07-02 16:06:00,"60",TRUE
2024-07-02 16:10:00,"57",TRUE
2024-07-02 16:11:00,"62",TRUE
2024-07-02 16:12:00,"19",TRUE
2024-07-02 16:13:00,"18",TRUE
2024-07-02 16:13:00,"14",TRUE
2024-07-02 16:14:00,"56",TRUE
2024-07-02 16:16:00,"20",TRUE
2024-07-02 17:07:00,"60",TRUE
2024-07-02 17:10:00,"57",TRUE
2024-07-02 17:11:00,"62",TRUE
2024-07-02 17:13:00,"19",TRUE
2024-07-02 17:13:00,"18",TRUE
2024-07-02 17:14:00,"14",TRUE
2024-07-02 17:15:00,"56",TRUE
2024-07-02 17:16:00,"20",TRUE
2024-07-02 18:02:00,"60",TRUE
2024-07-02 18:07:00,"62",TRUE
2024-07-02 18:08:00,"57",TRUE
2024-07-02 18:09:00,"18",TRUE
2024-07-02 18:10:00,"19",TRUE
2024-07-02 18:11:00,"14",TRUE
2024-07-02 18:15:00,"56",TRUE
2024-07-02 18:18:00,"20",TRUE
2024-07-03 03:51:00,"41",TRUE
2024-07-03 04:04:00,"40",TRUE
2024-07-03 04:17:00,"34",TRUE
2024-07-03 04:20:00,"33",TRUE
2024-07-03 04:40:00,"45",TRUE
2024-07-03 04:48:00,"27",TRUE
2024-07-03 04:51:00,"44",TRUE
2024-07-03 05:12:00,"35",TRUE
2024-07-03 05:49:00,"35",TRUE
2024-07-03 06:02:00,"44",TRUE
2024-07-03 06:05:00,"45",TRUE
2024-07-03 06:07:00,"27",TRUE
2024-07-03 06:49:00,"36",TRUE
2024-07-03 07:00:00,"33",TRUE
2024-07-03 07:11:00,"34",TRUE
2024-07-03 07:23:00,"40",TRUE
2024-07-03 07:33:00,"41",TRUE
2024-07-03 08:15:00,"41",TRUE
2024-07-03 08:21:00,"40",TRUE
2024-07-03 08:26:00,"34",TRUE
2024-07-03 08:28:00,"33",TRUE
2024-07-03 08:32:00,"36",TRUE
2024-07-03 08:40:00,"27",TRUE
2024-07-03 08:41:00,"45",TRUE
2024-07-03 08:46:00,"44",TRUE
2024-07-03 13:02:00,"41",TRUE
2024-07-03 13:07:00,"40",TRUE
2024-07-03 13:12:00,"34",TRUE
2024-07-03 13:14:00,"33",TRUE
2024-07-03 13:17:00,"36",TRUE
2024-07-03 13:23:00,"45",TRUE
2024-07-03 13:24:00,"27",TRUE
2024-07-03 13:26:00,"44",TRUE
2024-07-03 14:02:00,"35",TRUE
2024-07-03 14:11:00,"44",TRUE
2024-07-03 14:12:00,"45",TRUE
2024-07-03 14:13:00,"27",TRUE
2024-07-03 14:18:00,"36",TRUE
2024-07-03 14:21:00,"33",TRUE
2024-07-03 14:22:00,"34",TRUE
2024-07-03 14:27:00,"40",TRUE
2024-07-03 14:30:00,"41",TRUE
2024-07-03 15:05:00,"41",TRUE
2024-07-03 15:13:00,"40",TRUE
2024-07-03 15:16:00,"34",TRUE
2024-07-03 15:17:00,"33",TRUE
2024-07-03 15:19:00,"36",TRUE
2024-07-03 15:24:00,"27",TRUE
2024-07-03 15:24:00,"45",TRUE
2024-07-03 15:26:00,"44",TRUE
2024-07-03 15:34:00,"35",TRUE
2024-07-03 16:56:00,"41",TRUE
2024-07-03 17:00:00,"40",TRUE
2024-07-03 17:04:00,"34",TRUE
2024-07-03 17:04:00,"33",TRUE
2024-07-03 17:08:00,"36",TRUE
2024-07-03 17:12:00,"27",TRUE
2024-07-03 17:13:00,"45",TRUE
2024-07-03 17:15:00,"44",TRUE
2024-07-03 17:22:00,"35",TRUE
2024-07-03 17:52:00,"35",TRUE
2024-07-03 18:02:00,"44",TRUE
2024-07-03 18:04:00,"45",TRUE
2024-07-03 18:04:00,"27",TRUE
2024-07-03 18:08:00,"36",TRUE
2024-07-03 13:33:00,"35",TRUE
2024-07-03 18:10:00,"34",TRUE
2024-07-03 18:11:00,"33",TRUE
2024-07-03 18:15:00,"40",TRUE
2024-07-03 18:17:00,"41",FALSE
2024-07-09 07:30:00,"41",TRUE
2024-07-09 07:49:00,"40",TRUE
2024-07-09 07:57:00,"34",TRUE
2024-07-09 08:08:00,"33",TRUE
2024-07-09 08:18:00,"36",TRUE
2024-07-09 08:25:00,"27",TRUE
2024-07-09 08:26:00,"45",TRUE
2024-07-09 08:39:00,"44",TRUE
2024-07-09 08:52:00,"35",TRUE
2024-07-09 09:29:00,"35",TRUE
2024-07-09 09:41:00,"44",TRUE
2024-07-09 09:45:00,"45",TRUE
2024-07-09 09:52:00,"27",TRUE
2024-07-09 09:59:00,"36",TRUE
2024-07-09 10:06:00,"33",TRUE
2024-07-09 10:16:00,"34",FALSE
2024-07-09 10:23:00,"40",TRUE
2024-07-09 10:29:00,"41",TRUE
2024-07-09 11:24:00,"41",TRUE
2024-07-09 11:28:00,"40",TRUE
2024-07-09 11:37:00,"34",TRUE
2024-07-09 11:53:00,"27",TRUE
2024-07-09 11:53:00,"45",TRUE
2024-07-09 11:57:00,"44",TRUE
2024-07-09 12:05:00,"45",TRUE
2024-07-09 12:06:00,"27",TRUE
2024-07-09 12:17:00,"36",TRUE
2024-07-09 12:22:00,"34",TRUE
2024-07-09 12:23:00,"33",TRUE
2024-07-09 12:28:00,"40",TRUE
2024-07-09 12:33:00,"41",TRUE
2024-07-09 18:44:00,"41",TRUE
2024-07-09 18:51:00,"40",TRUE
2024-07-09 18:55:00,"34",TRUE
2024-07-09 18:56:00,"33",TRUE
2024-07-10 07:27:00,"31",TRUE
2024-07-10 07:42:00,"28",TRUE
2024-07-10 07:47:00,"26",TRUE
2024-07-10 07:48:00,"37",TRUE
2024-07-10 07:53:00,"38",TRUE
2024-07-10 08:02:00,"28",TRUE
2024-07-10 08:57:00,"28",TRUE
2024-07-10 08:58:00,"37",TRUE
2024-07-10 09:09:00,"26",TRUE
2024-07-10 09:15:00,"38",TRUE
2024-07-10 09:42:00,"31",TRUE
2024-07-10 11:06:00,"31",TRUE
2024-07-10 11:09:00,"28",TRUE
2024-07-10 11:10:00,"26",TRUE
2024-07-10 11:10:00,"37",TRUE
2024-07-10 11:12:00,"38",TRUE
2024-07-10 12:22:00,"37",TRUE
2024-07-10 12:23:00,"26",TRUE
2024-07-10 12:27:00,"38",TRUE
2024-07-10 12:34:00,"31",TRUE
2024-07-10 17:20:00,"31",TRUE
2024-07-10 17:23:00,"28",TRUE
2024-07-10 17:25:00,"26",TRUE
2024-07-10 17:26:00,"37",TRUE
2024-07-10 17:32:00,"38",TRUE
2024-07-10 18:16:00,"32",TRUE
2024-07-10 18:34:00,"31",TRUE
2024-07-10 18:37:00,"28",TRUE
2024-07-10 18:42:00,"26",TRUE
2024-07-10 18:43:00,"37",TRUE
2024-07-10 18:51:00,"38",TRUE
2024-07-10 19:07:00,"32",TRUE
2024-07-10 19:38:00,"31",TRUE
2024-07-10 19:44:00,"28",TRUE
2024-07-10 19:57:00,"26",TRUE
2024-07-10 20:00:00,"37",TRUE
2024-07-10 20:03:00,"38",TRUE
2024-07-10 20:19:00,"32",TRUE
2024-07-10 21:26:00,"32",TRUE
2024-07-10 21:42:00,"31",TRUE
2024-07-10 21:47:00,"28",TRUE
2024-07-10 21:49:00,"26",TRUE
2024-07-10 21:51:00,"37",TRUE
2024-07-10 21:58:00,"38",TRUE
2024-07-10 22:28:00,"31",TRUE
2024-07-10 22:32:00,"28",TRUE
2024-07-10 22:34:00,"26",TRUE
2024-07-10 22:35:00,"37",TRUE
2024-07-10 22:39:00,"38",TRUE
2024-07-11 07:46:00,"60",TRUE
2024-07-11 07:46:00,"60",TRUE
2024-07-11 08:02:00,"56",TRUE
2024-07-11 08:02:00,"56",TRUE
2024-07-11 08:02:00,"57",TRUE
2024-07-11 08:02:00,"57",TRUE
2024-07-11 08:05:00,"62",TRUE
2024-07-11 08:05:00,"62",TRUE
2024-07-11 08:07:00,"18",TRUE
2024-07-11 08:07:00,"18",TRUE
2024-07-11 08:08:00,"19",TRUE
2024-07-11 08:08:00,"19",TRUE
2024-07-11 08:08:00,"14",TRUE
2024-07-11 08:08:00,"14",TRUE
2024-07-11 08:12:00,"20",TRUE
2024-07-11 09:27:00,"60",TRUE
2024-07-11 09:27:00,"60",TRUE
2024-07-11 09:32:00,"62",TRUE
2024-07-11 09:32:00,"62",TRUE
2024-07-11 09:33:00,"56",TRUE
2024-07-11 09:33:00,"56",TRUE
2024-07-11 09:33:00,"57",TRUE
2024-07-11 09:33:00,"57",TRUE
2024-07-11 09:34:00,"18",TRUE
2024-07-11 09:34:00,"18",TRUE
2024-07-11 09:34:00,"19",TRUE
2024-07-11 09:34:00,"19",TRUE
2024-07-11 09:35:00,"14",TRUE
2024-07-11 09:35:00,"14",TRUE
2024-07-11 09:36:00,"20",TRUE
2024-07-11 10:37:00,"60",TRUE
2024-07-11 10:37:00,"60",TRUE
2024-07-11 11:04:00,"56",TRUE
2024-07-11 11:04:00,"56",TRUE
2024-07-11 11:05:00,"62",TRUE
2024-07-11 11:05:00,"62",TRUE
2024-07-11 11:08:00,"57",TRUE
2024-07-11 11:08:00,"57",TRUE
2024-07-11 11:09:00,"18",TRUE
2024-07-11 11:09:00,"18",TRUE
2024-07-11 11:09:00,"19",TRUE
2024-07-11 11:09:00,"19",TRUE
2024-07-11 11:11:00,"14",TRUE
2024-07-11 11:11:00,"14",TRUE
2024-07-11 11:15:00,"20",TRUE
2024-07-11 11:59:00,"57",TRUE
2024-07-11 11:59:00,"57",TRUE
2024-07-11 12:00:00,"62",TRUE
2024-07-11 12:00:00,"62",TRUE
2024-07-11 12:08:00,"56",TRUE
2024-07-11 12:08:00,"56",TRUE
2024-07-11 12:14:00,"18",TRUE
2024-07-11 12:14:00,"18",TRUE
2024-07-11 12:16:00,"14",TRUE
2024-07-11 12:16:00,"14",TRUE
2024-07-11 12:17:00,"19",TRUE
2024-07-11 12:17:00,"19",TRUE
2024-07-11 12:20:00,"20",TRUE
2024-07-11 12:24:00,"60",TRUE
2024-07-11 12:24:00,"60",TRUE
2024-07-11 17:31:00,"60",TRUE
2024-07-11 17:36:00,"62",TRUE
2024-07-11 17:38:00,"56",TRUE
2024-07-11 17:39:00,"57",TRUE
2024-07-11 17:42:00,"19",TRUE
2024-07-11 17:43:00,"18",TRUE
2024-07-11 17:44:00,"14",TRUE
2024-07-11 17:47:00,"20",TRUE
2024-07-11 18:27:00,"60",TRUE
2024-07-11 18:35:00,"19",TRUE
2024-07-11 18:36:00,"18",TRUE
2024-07-11 18:37:00,"14",TRUE
2024-07-11 18:39:00,"20",TRUE
2024-07-11 18:43:00,"57",TRUE
2024-07-11 18:43:00,"56",TRUE
2024-07-11 18:44:00,"62",TRUE
2024-07-11 19:12:00,"60",TRUE
2024-07-11 19:19:00,"56",TRUE
2024-07-11 19:25:00,"62",TRUE
2024-07-11 19:26:00,"57",TRUE
2024-07-11 19:28:00,"19",TRUE
2024-07-11 19:29:00,"18",TRUE
2024-07-11 19:30:00,"14",TRUE
2024-07-11 19:32:00,"20",TRUE
2024-07-11 20:09:00,"60",TRUE
2024-07-11 20:15:00,"56",TRUE
2024-07-11 20:20:00,"62",TRUE
2024-07-11 20:22:00,"57",TRUE
2024-07-11 20:26:00,"18",TRUE
2024-07-11 20:30:00,"14",TRUE
2024-07-11 20:31:00,"19",TRUE
2024-07-11 20:34:00,"20",TRUE
2024-07-11 21:11:00,"60",TRUE
2024-07-11 21:17:00,"56",TRUE
2024-07-11 21:27:00,"62",TRUE
2024-07-11 21:32:00,"57",TRUE
2024-07-11 21:38:00,"18",TRUE
2024-07-11 21:39:00,"14",TRUE
2024-07-11 21:40:00,"19",TRUE
2024-07-11 21:44:00,"20",TRUE
2024-07-11 22:10:00,"62",TRUE
2024-07-11 22:16:00,"57",TRUE
2024-07-11 22:18:00,"62",TRUE
2024-07-11 22:21:00,"56",TRUE
2024-07-11 22:23:00,"14",TRUE
2024-07-11 22:24:00,"18",TRUE
2024-07-11 22:25:00,"19",TRUE
2024-07-11 22:27:00,"20",TRUE
2024-07-12 08:01:00,"55",TRUE
2024-07-12 08:13:00,"16",TRUE
2024-07-12 08:25:00,"21",TRUE
2024-07-12 08:28:00,"24",TRUE
2024-07-12 08:36:00,"48",TRUE
2024-07-12 08:49:00,"49",TRUE
2024-07-12 08:51:00,"42",TRUE
2024-07-12 09:21:00,"49",TRUE
2024-07-12 09:28:00,"48",TRUE
2024-07-12 09:36:00,"21",TRUE
2024-07-12 09:37:00,"24",TRUE
2024-07-12 09:56:00,"55",TRUE
2024-07-12 09:57:00,"16",TRUE
2024-07-12 10:00:00,"22",TRUE
2024-07-12 10:33:00,"22",TRUE
2024-07-12 10:36:00,"55",TRUE
2024-07-12 10:38:00,"16",TRUE
2024-07-12 10:44:00,"21",TRUE
2024-07-12 10:59:00,"54",TRUE
2024-07-12 11:03:00,"48",TRUE
2024-07-12 11:13:00,"49",TRUE
2024-07-12 17:38:00,"22",TRUE
2024-07-12 17:39:00,"55",TRUE
2024-07-12 17:41:00,"16",TRUE
2024-07-12 17:44:00,"21",TRUE
2024-07-12 17:47:00,"54",TRUE
2024-07-12 17:52:00,"48",TRUE
2024-07-12 17:59:00,"49",TRUE
2024-07-12 18:47:00,"49",TRUE
2024-07-12 18:54:00,"48",TRUE
2024-07-12 18:55:00,"54",TRUE
2024-07-12 19:02:00,"21",TRUE
2024-07-12 19:05:00,"55",TRUE
2024-07-12 19:07:00,"16",TRUE
2024-07-12 19:13:00,"22",TRUE
2024-07-12 19:55:00,"22",TRUE
2024-07-12 19:59:00,"16",TRUE
2024-07-12 20:16:00,"55",TRUE
2024-07-12 20:20:00,"21",TRUE
2024-07-12 20:23:00,"54",TRUE
2024-07-12 20:24:00,"48",TRUE
2024-07-12 20:30:00,"49",TRUE
2024-07-12 21:02:00,"49",TRUE
2024-07-12 21:09:00,"48",TRUE
2024-07-12 21:12:00,"54",TRUE
2024-07-12 21:17:00,"21",TRUE
2024-07-12 21:25:00,"55",TRUE
2024-07-12 21:28:00,"16",TRUE
2024-07-12 21:33:00,"22",TRUE
2024-07-12 22:08:00,"22",TRUE
2024-07-12 22:10:00,"16",TRUE
2024-07-12 22:15:00,"55",TRUE
2024-07-12 22:22:00,"21",TRUE
2024-07-12 22:28:00,"54",TRUE
2024-07-12 22:29:00,"48",TRUE
2024-07-12 22:36:00,"49",TRUE
2024-07-16 03:49:00,"31",TRUE
2024-07-16 03:58:00,"28",TRUE
2024-07-16 04:04:00,"26",TRUE
2024-07-16 04:05:00,"37",TRUE
2024-07-16 05:17:00,"31",TRUE
2024-07-16 05:21:00,"28",TRUE
2024-07-16 05:25:00,"26",TRUE
2024-07-16 05:26:00,"37",TRUE
2024-07-16 05:56:00,"38",TRUE
2024-07-16 06:34:00,"32",TRUE
2024-07-16 06:45:00,"38",TRUE
2024-07-16 06:58:00,"31",TRUE
2024-07-16 07:01:00,"28",TRUE
2024-07-16 07:03:00,"26",TRUE
2024-07-16 07:05:00,"37",TRUE
2024-07-16 08:22:00,"38",TRUE
2024-07-16 08:29:00,"32",TRUE
2024-07-16 08:44:00,"31",TRUE
2024-07-16 08:47:00,"28",TRUE
2024-07-16 08:49:00,"26",TRUE
2024-07-16 08:49:00,"37",TRUE
2024-07-16 13:13:00,"31",TRUE
2024-07-16 13:17:00,"28",TRUE
2024-07-16 13:20:00,"37",TRUE
2024-07-16 13:48:00,"26",TRUE
2024-07-16 14:00:00,"38",TRUE
2024-07-16 14:15:00,"32",TRUE
2024-07-16 14:27:00,"31",TRUE
2024-07-16 14:31:00,"28",TRUE
2024-07-16 14:33:00,"26",TRUE
2024-07-16 14:33:00,"37",TRUE
2024-07-16 14:48:00,"38",TRUE
2024-07-16 14:51:00,"32",TRUE
2024-07-16 15:20:00,"31",TRUE
2024-07-16 15:23:00,"28",TRUE
2024-07-16 15:25:00,"26",TRUE
2024-07-16 15:26:00,"37",TRUE
2024-07-16 15:37:00,"38",TRUE
2024-07-16 15:39:00,"32",TRUE
2024-07-16 16:07:00,"31",TRUE
2024-07-16 16:08:00,"28",TRUE
2024-07-16 16:10:00,"26",TRUE
2024-07-16 16:11:00,"37",TRUE
2024-07-16 16:24:00,"38",TRUE
2024-07-16 16:43:00,"32",TRUE
2024-07-16 17:11:00,"31",TRUE
2024-07-16 17:13:00,"28",TRUE
2024-07-16 17:14:00,"26",TRUE
2024-07-16 17:14:00,"37",TRUE
2024-07-17 03:53:00,"60",TRUE
2024-07-17 04:02:00,"62",TRUE
2024-07-17 04:11:00,"14",TRUE
2024-07-17 04:13:00,"18",TRUE
2024-07-17 04:17:00,"19",TRUE
2024-07-17 04:26:00,"56",TRUE
2024-07-17 04:33:00,"20",TRUE
2024-07-17 05:03:00,"20",TRUE
2024-07-17 05:07:00,"56",TRUE
2024-07-17 05:10:00,"14",TRUE
2024-07-17 05:16:00,"19",TRUE
2024-07-17 05:17:00,"18",TRUE
2024-07-17 05:25:00,"57",TRUE
2024-07-17 05:26:00,"62",TRUE
2024-07-17 05:34:00,"60",TRUE
2024-07-17 06:47:00,"60",TRUE
2024-07-17 06:58:00,"57",TRUE
2024-07-17 06:58:00,"62",TRUE
2024-07-17 07:02:00,"19",TRUE
2024-07-17 07:03:00,"18",TRUE
2024-07-17 07:05:00,"14",TRUE
2024-07-17 07:08:00,"56",TRUE
2024-07-17 07:11:00,"20",TRUE
2024-07-17 07:45:00,"60",TRUE
2024-07-17 07:53:00,"57",TRUE
2024-07-17 07:56:00,"62",TRUE
2024-07-17 07:58:00,"18",TRUE
2024-07-17 07:59:00,"19",TRUE
2024-07-17 08:01:00,"14",TRUE
2024-07-17 08:10:00,"56",TRUE
2024-07-17 08:21:00,"20",TRUE
2024-07-17 08:26:00,"56",TRUE
2024-07-17 08:29:00,"14",TRUE
2024-07-17 08:30:00,"18",TRUE
2024-07-17 08:31:00,"19",TRUE
2024-07-17 08:34:00,"57",TRUE
2024-07-17 08:36:00,"62",TRUE
2024-07-17 08:50:00,"60",TRUE
2024-07-17 13:27:00,"60",TRUE
2024-07-17 13:31:00,"62",TRUE
2024-07-17 13:36:00,"57",TRUE
2024-07-17 13:38:00,"19",TRUE
2024-07-17 13:41:00,"18",TRUE
2024-07-17 13:41:00,"14",TRUE
2024-07-17 13:43:00,"56",TRUE
2024-07-17 13:45:00,"20",TRUE
2024-07-17 14:25:00,"60",TRUE
2024-07-17 14:31:00,"57",TRUE
2024-07-17 14:33:00,"62",TRUE
2024-07-17 14:35:00,"19",TRUE
2024-07-17 14:35:00,"18",TRUE
2024-07-17 14:36:00,"14",TRUE
2024-07-17 14:37:00,"56",TRUE
2024-07-17 14:38:00,"20",TRUE
2024-07-17 15:10:00,"60",TRUE
2024-07-17 15:19:00,"57",TRUE
2024-07-17 15:20:00,"62",TRUE
2024-07-17 15:21:00,"19",TRUE
2024-07-17 15:21:00,"18",TRUE
2024-07-17 15:22:00,"14",TRUE
2024-07-17 15:23:00,"56",TRUE
2024-07-17 15:24:00,"20",TRUE
2024-07-17 15:53:00,"60",TRUE
2024-07-17 16:02:00,"62",TRUE
2024-07-17 16:09:00,"57",TRUE
2024-07-17 16:12:00,"19",TRUE
2024-07-17 16:13:00,"18",TRUE
2024-07-17 16:14:00,"14",TRUE
2024-07-17 16:15:00,"56",TRUE
2024-07-17 16:16:00,"20",TRUE
2024-07-18 03:53:00,"16",TRUE
2024-07-18 03:57:00,"22",TRUE
2024-07-18 04:21:00,"54",TRUE
2024-07-18 04:32:00,"54",TRUE
2024-07-18 04:46:00,"22",TRUE
2024-07-18 04:59:00,"16",TRUE
2024-07-18 05:41:00,"16",TRUE
2024-07-18 05:44:00,"22",TRUE
2024-07-18 06:13:00,"54",TRUE
2024-07-18 07:14:00,"21",TRUE
2024-07-18 08:16:00,"52",FALSE
2024-07-18 13:25:00,"16",TRUE
2024-07-18 13:43:00,"54",TRUE
2024-07-18 14:20:00,"53",TRUE
2024-07-18 14:28:00,"21",TRUE
2024-07-18 14:53:00,"29.1",TRUE
2024-07-18 14:57:00,"46.1",TRUE
2024-07-18 14:58:00,"39.1",TRUE
2024-07-18 15:08:00,"30.1",TRUE
2024-07-18 15:13:00,"16",TRUE
2024-07-18 15:20:00,"54",TRUE
2024-07-18 15:31:00,"21",TRUE
2024-07-18 16:01:00,"21",TRUE
2024-07-18 16:12:00,"54",TRUE
2024-07-18 16:18:00,"16",TRUE
2024-07-18 16:22:00,"30.1",TRUE
2024-07-18 16:25:00,"29.1",TRUE
2024-07-18 16:28:00,"39.1",TRUE
2024-07-18 16:29:00,"46.1",TRUE
2024-07-18 17:25:00,"39.1",TRUE
2024-07-18 17:26:00,"46.1",TRUE
2024-07-18 17:28:00,"29.1",TRUE
2024-07-18 17:35:00,"30.1",TRUE
2024-07-18 17:38:00,"16",TRUE
2024-07-18 17:44:00,"54",TRUE
2024-07-18 17:54:00,"21",TRUE
2024-07-18 18:02:00,"21",TRUE
2024-07-18 18:13:00,"54",TRUE
2024-07-18 18:19:00,"16",TRUE
2024-07-18 18:22:00,"30.1",TRUE
2024-07-18 18:23:00,"29.1",TRUE
2024-07-18 18:25:00,"39.1",TRUE
2024-07-18 18:26:00,"46.1",TRUE
2024-07-19 03:34:00,"41",TRUE
2024-07-19 03:38:00,"41",TRUE
2024-07-19 03:47:00,"33",TRUE
2024-07-19 03:54:00,"34",TRUE
2024-07-19 04:01:00,"36",TRUE
2024-07-19 04:17:00,"27",TRUE
2024-07-19 04:22:00,"45",TRUE
2024-07-19 04:33:00,"44",TRUE
2024-07-19 04:50:00,"35",TRUE
2024-07-19 05:25:00,"35",TRUE
2024-07-19 05:40:00,"44",TRUE
2024-07-19 05:49:00,"45",TRUE
2024-07-19 05:52:00,"27",TRUE
2024-07-19 05:58:00,"34",TRUE
2024-07-19 06:06:00,"33",TRUE
2024-07-19 06:13:00,"40",TRUE
2024-07-19 06:18:00,"41",TRUE
2024-07-19 07:07:00,"41",TRUE
2024-07-19 07:12:00,"40",TRUE
2024-07-19 07:26:00,"33",TRUE
2024-07-19 07:30:00,"34",TRUE
2024-07-19 07:36:00,"27",TRUE
2024-07-19 07:42:00,"45",TRUE
2024-07-19 07:46:00,"44",TRUE
2024-07-19 08:00:00,"44",TRUE
2024-07-19 08:02:00,"45",TRUE
2024-07-19 08:03:00,"27",TRUE
2024-07-19 08:12:00,"34",TRUE
2024-07-19 08:15:00,"33",TRUE
2024-07-19 08:23:00,"41",TRUE
2024-07-19 08:32:00,"41",TRUE
2024-07-19 13:15:00,"41",TRUE
2024-07-19 13:15:00,"41",TRUE
2024-07-19 13:15:00,"41",TRUE
2024-07-19 13:19:00,"40",TRUE
2024-07-19 13:19:00,"40",TRUE
2024-07-19 13:19:00,"40",TRUE
2024-07-19 13:23:00,"33",TRUE
2024-07-19 13:23:00,"33",TRUE
2024-07-19 13:23:00,"33",TRUE
2024-07-19 13:26:00,"34",TRUE
2024-07-19 13:26:00,"34",TRUE
2024-07-19 13:26:00,"34",TRUE
2024-07-19 13:33:00,"27",TRUE
2024-07-19 13:33:00,"27",TRUE
2024-07-19 13:33:00,"27",TRUE
2024-07-19 13:35:00,"45",TRUE
2024-07-19 13:35:00,"45",TRUE
2024-07-19 13:35:00,"45",TRUE
2024-07-19 13:44:00,"44",TRUE
2024-07-19 13:44:00,"44",TRUE
2024-07-19 13:44:00,"44",TRUE
2024-07-19 13:53:00,"35",TRUE
2024-07-19 13:53:00,"35",TRUE
2024-07-19 13:53:00,"35",TRUE
2024-07-19 14:14:00,"41",TRUE
2024-07-19 14:14:00,"41",TRUE
2024-07-19 14:14:00,"41",TRUE
2024-07-19 14:20:00,"40",TRUE
2024-07-19 14:20:00,"40",TRUE
2024-07-19 14:20:00,"40",TRUE
2024-07-19 14:23:00,"33",TRUE
2024-07-19 14:23:00,"33",TRUE
2024-07-19 14:23:00,"33",TRUE
2024-07-19 14:25:00,"34",TRUE
2024-07-19 14:25:00,"34",TRUE
2024-07-19 14:25:00,"34",TRUE
2024-07-19 14:29:00,"27",TRUE
2024-07-19 14:29:00,"27",TRUE
2024-07-19 14:29:00,"27",TRUE
2024-07-19 14:32:00,"45",TRUE
2024-07-19 14:32:00,"45",TRUE
2024-07-19 14:32:00,"45",TRUE
2024-07-19 14:35:00,"44",TRUE
2024-07-19 14:35:00,"44",TRUE
2024-07-19 14:35:00,"44",TRUE
2024-07-19 14:43:00,"35",TRUE
2024-07-19 14:43:00,"35",TRUE
2024-07-19 14:43:00,"35",TRUE
2024-07-19 16:45:00,"41",TRUE
2024-07-19 16:45:00,"41",TRUE
2024-07-19 16:45:00,"41",TRUE
2024-07-19 16:49:00,"40",TRUE
2024-07-19 16:49:00,"40",TRUE
2024-07-19 16:49:00,"40",TRUE
2024-07-19 16:53:00,"33",TRUE
2024-07-19 16:53:00,"33",TRUE
2024-07-19 16:53:00,"33",TRUE
2024-07-19 16:54:00,"34",TRUE
2024-07-19 16:54:00,"34",TRUE
2024-07-19 16:54:00,"34",TRUE
2024-07-19 16:57:00,"27",TRUE
2024-07-19 16:57:00,"27",TRUE
2024-07-19 16:57:00,"27",TRUE
2024-07-19 16:58:00,"45",TRUE
2024-07-19 16:58:00,"45",TRUE
2024-07-19 16:58:00,"45",TRUE
2024-07-19 17:00:00,"44",TRUE
2024-07-19 17:00:00,"44",TRUE
2024-07-19 17:00:00,"44",TRUE
2024-07-19 17:09:00,"35",TRUE
2024-07-19 17:09:00,"35",TRUE
2024-07-19 17:09:00,"35",TRUE
2024-07-19 17:44:00,"35",TRUE
2024-07-19 17:44:00,"35",TRUE
2024-07-19 17:44:00,"35",TRUE
2024-07-19 17:52:00,"44",TRUE
2024-07-19 17:52:00,"44",TRUE
2024-07-19 17:52:00,"44",TRUE
2024-07-19 17:54:00,"45",TRUE
2024-07-19 17:54:00,"45",TRUE
2024-07-19 17:54:00,"45",TRUE
2024-07-19 17:55:00,"27",TRUE
2024-07-19 17:55:00,"27",TRUE
2024-07-19 17:55:00,"27",TRUE
2024-07-19 18:01:00,"34",TRUE
2024-07-19 18:01:00,"34",TRUE
2024-07-19 18:01:00,"34",TRUE
2024-07-19 18:02:00,"33",TRUE
2024-07-19 18:02:00,"33",TRUE
2024-07-19 18:02:00,"33",TRUE
2024-07-19 18:05:00,"40",TRUE
2024-07-19 18:05:00,"40",TRUE
2024-07-19 18:05:00,"40",TRUE
2024-07-19 18:10:00,"41",TRUE
2024-07-19 18:10:00,"41",TRUE
2024-07-19 18:10:00,"41",TRUE
2024-07-23 07:28:00,"39.1",TRUE
2024-07-23 07:56:00,"46.1",TRUE
2024-07-23 08:07:00,"29.1",TRUE
2024-07-23 08:44:00,"30.1",TRUE
2024-07-23 08:52:00,"16",TRUE
2024-07-23 09:06:00,"23",FALSE
2024-07-23 09:06:00,"54",TRUE
2024-07-23 10:03:00,"16",TRUE
2024-07-23 10:05:00,"53",FALSE
2024-07-23 10:11:00,"30.1",TRUE
2024-07-23 10:20:00,"29.1",TRUE
2024-07-23 10:25:00,"39.1",TRUE
2024-07-23 11:43:00,"39.1",TRUE
2024-07-23 12:03:00,"29.1",TRUE
2024-07-23 12:19:00,"30.1",TRUE
2024-07-23 12:27:00,"16",TRUE
2024-07-23 12:40:00,"16",TRUE
2024-07-23 12:45:00,"30.1",TRUE
2024-07-23 12:49:00,"29.1",TRUE
2024-07-23 12:59:00,"39.1",TRUE
2024-07-23 17:34:00,"16",TRUE
2024-07-23 17:43:00,"30.1",TRUE
2024-07-23 17:48:00,"29.1",TRUE
2024-07-23 17:52:00,"39.1",TRUE
2024-07-23 18:08:00,"16",TRUE
2024-07-23 18:11:00,"30.1",TRUE
2024-07-23 18:16:00,"29.1",TRUE
2024-07-23 18:20:00,"39.1",TRUE
2024-07-23 20:22:00,"21",TRUE
2024-07-23 21:51:00,"39.1",TRUE
2024-07-23 21:56:00,"29.1",TRUE
2024-07-23 22:01:00,"30.1",TRUE
2024-07-23 22:16:00,"16",TRUE
2024-07-23 22:23:00,"30.1",TRUE
2024-07-23 22:27:00,"29.1",TRUE
2024-07-23 22:32:00,"39.1",TRUE
2024-07-24 07:24:00,"31",TRUE
2024-07-24 07:28:00,"28",TRUE
2024-07-24 07:35:00,"26",TRUE
2024-07-24 07:36:00,"37",TRUE
2024-07-24 08:06:00,"38",TRUE
2024-07-24 08:12:00,"32",TRUE
2024-07-24 08:36:00,"32",TRUE
2024-07-24 08:47:00,"38",TRUE
2024-07-24 08:58:00,"31",TRUE
2024-07-24 09:02:00,"26",TRUE
2024-07-24 09:02:00,"37",TRUE
2024-07-24 10:20:00,"31",TRUE
2024-07-24 10:40:00,"37",TRUE
2024-07-24 10:42:00,"26",TRUE
2024-07-24 10:58:00,"38",TRUE
2024-07-24 11:01:00,"32",TRUE
2024-07-24 11:26:00,"32",TRUE
2024-07-24 11:42:00,"38",TRUE
2024-07-24 12:04:00,"37",TRUE
2024-07-24 12:08:00,"26",TRUE
2024-07-24 12:14:00,"31",TRUE
2024-07-24 12:24:00,"37",TRUE
2024-07-24 12:27:00,"26",TRUE
2024-07-24 12:41:00,"31",TRUE
2024-07-24 17:23:00,"38",TRUE
2024-07-24 17:28:00,"32",TRUE
2024-07-24 17:40:00,"31",TRUE
2024-07-24 17:45:00,"26",TRUE
2024-07-24 17:48:00,"37",TRUE
2024-07-24 18:06:00,"38",TRUE
2024-07-24 18:09:00,"32",TRUE
2024-07-24 18:26:00,"31",TRUE
2024-07-24 18:35:00,"26",TRUE
2024-07-24 18:37:00,"37",TRUE
2024-07-24 19:15:00,"26",TRUE
2024-07-24 19:17:00,"37",TRUE
2024-07-24 19:21:00,"31",TRUE
2024-07-24 19:34:00,"38",TRUE
2024-07-24 19:38:00,"32",TRUE
2024-07-24 20:15:00,"31",TRUE
2024-07-24 20:19:00,"26",TRUE
2024-07-24 20:21:00,"37",TRUE
2024-07-24 21:05:00,"31",TRUE
2024-07-24 21:15:00,"26",TRUE
2024-07-24 21:17:00,"37",TRUE
2024-07-24 22:09:00,"38",TRUE
2024-07-24 22:15:00,"32",TRUE
2024-07-24 22:34:00,"31",TRUE
2024-07-24 22:38:00,"26",TRUE
2024-07-24 22:40:00,"37",TRUE
2024-07-25 07:25:00,"60",TRUE
2024-07-25 07:30:00,"62",TRUE
2024-07-25 07:42:00,"19",TRUE
2024-07-25 07:45:00,"18",TRUE
2024-07-25 07:47:00,"56",TRUE
2024-07-25 07:49:00,"20",TRUE
2024-07-25 07:55:00,"57",TRUE
2024-07-25 08:47:00,"60",TRUE
2024-07-25 09:07:00,"57",TRUE
2024-07-25 07:44:00,"14",TRUE
2024-07-25 09:13:00,"62",TRUE
2024-07-25 09:18:00,"18",TRUE
2024-07-25 09:23:00,"14",TRUE
2024-07-25 09:24:00,"19",TRUE
2024-07-25 09:26:00,"56",TRUE
2024-07-25 09:32:00,"20",TRUE
2024-07-25 10:26:00,"60",TRUE
2024-07-25 10:36:00,"57",TRUE
2024-07-25 10:39:00,"62",TRUE
2024-07-25 10:40:00,"18",TRUE
2024-07-25 10:41:00,"19",TRUE
2024-07-25 10:42:00,"14",TRUE
2024-07-25 10:45:00,"56",TRUE
2024-07-25 10:47:00,"20",TRUE
2024-07-25 11:32:00,"60",TRUE
2024-07-25 11:38:00,"62",TRUE
2024-07-25 11:40:00,"57",TRUE
2024-07-25 11:42:00,"19",TRUE
2024-07-25 11:43:00,"18",TRUE
2024-07-25 11:45:00,"14",TRUE
2024-07-25 11:47:00,"56",TRUE
2024-07-25 11:49:00,"20",TRUE
2024-07-25 12:20:00,"18",TRUE
2024-07-25 12:21:00,"19",TRUE
2024-07-25 12:30:00,"14",TRUE
2024-07-25 12:32:00,"56",TRUE
2024-07-25 12:33:00,"20",TRUE
2024-07-25 12:38:00,"60",TRUE
2024-07-25 12:49:00,"62",TRUE
2024-07-25 12:52:00,"57",TRUE
2024-07-25 17:32:00,"60",TRUE
2024-07-25 17:43:00,"57",TRUE
2024-07-25 17:46:00,"62",TRUE
2024-07-25 17:47:00,"18",TRUE
2024-07-25 17:48:00,"14",TRUE
2024-07-25 17:48:00,"19",TRUE
2024-07-25 17:53:00,"56",TRUE
2024-07-25 17:54:00,"20",TRUE
2024-07-25 18:20:00,"60",TRUE
2024-07-25 18:29:00,"57",TRUE
2024-07-25 18:32:00,"62",TRUE
2024-07-25 18:34:00,"19",TRUE
2024-07-25 18:34:00,"18",TRUE
2024-07-25 18:35:00,"14",TRUE
2024-07-25 18:38:00,"56",TRUE
2024-07-25 18:42:00,"20",TRUE
2024-07-25 19:06:00,"60",TRUE
2024-07-25 19:10:00,"62",TRUE
2024-07-25 19:14:00,"57",TRUE
2024-07-25 19:16:00,"18",TRUE
2024-07-25 19:18:00,"19",TRUE
2024-07-25 19:19:00,"14",TRUE
2024-07-25 19:21:00,"56",TRUE
2024-07-25 19:22:00,"20",TRUE
2024-07-25 20:10:00,"60",TRUE
2024-07-25 20:16:00,"62",TRUE
2024-07-25 20:17:00,"57",TRUE
2024-07-25 20:21:00,"18",TRUE
2024-07-25 20:28:00,"19",TRUE
2024-07-25 20:30:00,"14",TRUE
2024-07-25 20:36:00,"56",TRUE
2024-07-25 20:38:00,"20",TRUE
2024-07-25 21:27:00,"60",TRUE
2024-07-25 21:39:00,"62",TRUE
2024-07-25 21:44:00,"57",TRUE
2024-07-25 21:47:00,"19",TRUE
2024-07-25 21:48:00,"18",TRUE
2024-07-25 21:50:00,"14",TRUE
2024-07-25 21:52:00,"56",TRUE
2024-07-25 21:54:00,"20",TRUE
2024-07-25 22:20:00,"60",TRUE
2024-07-25 22:25:00,"57",TRUE
2024-07-25 22:25:00,"62",TRUE
2024-07-25 22:27:00,"19",TRUE
2024-07-25 22:29:00,"18",TRUE
2024-07-25 22:31:00,"14",TRUE
2024-07-25 22:35:00,"56",TRUE
2024-07-25 22:39:00,"20",TRUE
2024-07-26 07:31:00,"41",TRUE
2024-07-26 07:39:00,"40",TRUE
2024-07-26 07:52:00,"33",TRUE
2024-07-26 07:57:00,"34",TRUE
2024-07-26 08:06:00,"27",TRUE
2024-07-26 08:10:00,"45",TRUE
2024-07-26 08:23:00,"44",TRUE
2024-07-26 08:42:00,"35",TRUE
2024-07-26 09:16:00,"35",TRUE
2024-07-26 09:29:00,"44",TRUE
2024-07-26 09:36:00,"45",TRUE
2024-07-26 09:40:00,"34",TRUE
2024-07-26 09:47:00,"33",TRUE
2024-07-26 09:50:00,"40",TRUE
2024-07-26 09:57:00,"41",TRUE
2024-07-26 11:01:00,"41",TRUE
2024-07-26 11:10:00,"40",TRUE
2024-07-26 11:28:00,"33",TRUE
2024-07-26 11:31:00,"34",TRUE
2024-07-26 11:44:00,"45",TRUE
2024-07-26 11:56:00,"44",TRUE
2024-07-26 12:15:00,"44",TRUE
2024-07-26 12:20:00,"45",TRUE
2024-07-26 12:23:00,"34",TRUE
2024-07-26 12:27:00,"33",TRUE
2024-07-26 12:33:00,"41",TRUE
2024-07-26 17:30:00,"41",TRUE
2024-07-26 17:36:00,"33",TRUE
2024-07-26 17:43:00,"34",TRUE
2024-07-26 17:50:00,"45",TRUE
2024-07-26 17:54:00,"44",TRUE
2024-07-26 18:02:00,"35",TRUE
2024-07-26 18:17:00,"41",TRUE
2024-07-26 18:22:00,"33",TRUE
2024-07-26 18:26:00,"34",TRUE
2024-07-26 18:29:00,"45",TRUE
2024-07-26 18:38:00,"44",TRUE
2024-07-26 18:49:00,"35",TRUE
2024-07-26 19:17:00,"35",TRUE
2024-07-26 19:38:00,"44",TRUE
2024-07-26 19:44:00,"45",TRUE
2024-07-26 19:50:00,"34",TRUE
2024-07-26 19:53:00,"33",TRUE
2024-07-26 19:59:00,"41",TRUE
2024-07-26 20:37:00,"41",TRUE
2024-07-26 20:46:00,"33",TRUE
2024-07-26 20:51:00,"34",TRUE
2024-07-26 20:57:00,"45",TRUE
2024-07-26 21:01:00,"44",TRUE
2024-07-26 21:17:00,"35",TRUE
2024-07-26 21:40:00,"35",TRUE
2024-07-26 21:53:00,"44",TRUE
2024-07-26 21:56:00,"45",TRUE
2024-07-26 22:01:00,"34",TRUE
2024-07-26 22:06:00,"33",TRUE
2024-07-26 22:11:00,"41",TRUE
2024-07-30 04:07:00,"31",TRUE
2024-07-30 04:15:00,"26",TRUE
2024-07-30 04:16:00,"37",TRUE
2024-07-30 04:38:00,"38",TRUE
2024-07-30 04:42:00,"32",TRUE
2024-07-30 05:25:00,"38",TRUE
2024-07-30 06:08:00,"31",TRUE
2024-07-30 06:12:00,"37",TRUE
2024-07-30 06:12:00,"26",TRUE
2024-07-30 07:17:00,"38",TRUE
2024-07-30 08:20:00,"31",TRUE
2024-07-30 08:24:00,"26",TRUE
2024-07-30 08:28:00,"37",TRUE
2024-07-30 08:40:00,"38",TRUE
2024-07-30 08:48:00,"31",TRUE
2024-07-30 08:52:00,"26",TRUE
2024-07-30 08:52:00,"37",TRUE
2024-07-30 13:07:00,"38",TRUE
2024-07-30 13:19:00,"31",TRUE
2024-07-30 13:24:00,"26",TRUE
2024-07-30 13:26:00,"37",TRUE
2024-07-30 14:09:00,"38",TRUE
2024-07-30 14:18:00,"26",TRUE
2024-07-30 14:18:00,"37",TRUE
2024-07-30 15:07:00,"37",TRUE
2024-07-30 15:13:00,"31",TRUE
2024-07-30 15:19:00,"37",TRUE
2024-07-30 16:52:00,"38",TRUE
2024-07-30 16:58:00,"31",TRUE
2024-07-30 17:01:00,"26",TRUE
2024-07-30 17:03:00,"37",TRUE
2024-07-30 17:58:00,"38",TRUE
2024-07-30 18:05:00,"31",TRUE
2024-07-30 18:10:00,"26",TRUE
2024-07-30 18:11:00,"37",TRUE
2024-07-31 04:08:00,"60",TRUE
2024-07-31 04:22:00,"62",TRUE
2024-07-31 04:23:00,"57",TRUE
2024-07-31 04:27:00,"18",TRUE
2024-07-31 04:30:00,"14",TRUE
2024-07-31 04:34:00,"56",TRUE
2024-07-31 04:46:00,"19",TRUE
2024-07-31 04:54:00,"20",FALSE
2024-07-31 05:35:00,"60",TRUE
2024-07-31 05:58:00,"57",TRUE
2024-07-31 06:01:00,"62",TRUE
2024-07-31 06:08:00,"18",TRUE
2024-07-31 06:11:00,"14",TRUE
2024-07-31 06:13:00,"56",TRUE
2024-07-31 06:16:00,"19",TRUE
2024-07-31 06:18:00,"20",TRUE
2024-07-31 07:27:00,"60",TRUE
2024-07-31 07:40:00,"62",TRUE
2024-07-31 07:45:00,"14",TRUE
2024-07-31 07:46:00,"18",TRUE
2024-07-31 07:48:00,"56",TRUE
2024-07-31 07:52:00,"19",TRUE
2024-07-31 07:56:00,"20",TRUE
2024-07-31 13:11:00,"60",TRUE
2024-07-31 13:17:00,"62",TRUE
2024-07-31 13:20:00,"14",TRUE
2024-07-31 13:26:00,"18",TRUE
2024-07-31 13:27:00,"56",TRUE
2024-07-31 13:32:00,"19",TRUE
2024-07-31 13:34:00,"20",TRUE
2024-07-31 14:12:00,"60",TRUE
2024-07-31 14:16:00,"62",TRUE
2024-07-31 14:23:00,"18",TRUE
2024-07-31 14:24:00,"14",TRUE
2024-07-31 14:26:00,"56",TRUE
2024-07-31 14:29:00,"19",TRUE
2024-07-31 14:31:00,"20",TRUE
2024-07-31 15:05:00,"60",TRUE
2024-07-31 15:11:00,"62",TRUE
2024-07-31 15:13:00,"18",TRUE
2024-07-31 15:13:00,"14",TRUE
2024-07-31 15:14:00,"56",TRUE
2024-07-31 15:16:00,"19",TRUE
2024-07-31 15:17:00,"19",TRUE
2024-08-01 04:20:00,"34",TRUE
2024-08-01 04:30:00,"33",TRUE
2024-08-01 04:47:00,"45",TRUE
2024-08-01 04:59:00,"45",TRUE
2024-08-01 05:12:00,"35",TRUE
2024-08-01 05:52:00,"35",TRUE
2024-08-01 06:08:00,"44",TRUE
2024-08-01 06:18:00,"45",TRUE
2024-08-01 06:39:00,"33",TRUE
2024-08-01 07:33:00,"33",TRUE
2024-08-01 07:44:00,"45",TRUE
2024-08-01 07:47:00,"44",TRUE
2024-08-01 08:08:00,"44",TRUE
2024-08-01 08:10:00,"45",TRUE
2024-08-01 08:30:00,"33",TRUE
2024-08-01 13:16:00,"33",FALSE
2024-08-01 13:20:00,"45",FALSE
2024-08-01 13:33:00,"44",FALSE
2024-08-01 13:42:00,"35",FALSE
2024-08-01 14:23:00,"35",FALSE
2024-08-01 14:43:00,"44",FALSE
2024-08-01 14:45:00,"45",FALSE
2024-08-01 14:49:00,"33",FALSE
2024-08-01 16:01:00,"33",FALSE
2024-08-01 16:05:00,"45",FALSE
2024-08-01 16:09:00,"44",FALSE
2024-08-01 16:20:00,"35",TRUE
2024-08-01 16:53:00,"35",FALSE
2024-08-01 17:06:00,"44",FALSE
2024-08-01 17:08:00,"45",FALSE
2024-08-01 17:14:00,"33",FALSE
2024-08-01 18:04:00,"33",FALSE
2024-08-01 18:08:00,"45",FALSE
2024-08-01 18:15:00,"44",FALSE
2024-08-02 03:54:00,"39.1",TRUE
2024-08-02 04:12:00,"29.1",TRUE
2024-08-02 04:20:00,"30.1",TRUE
2024-08-02 04:30:00,"16",TRUE
2024-08-02 04:44:00,"54",TRUE
2024-08-02 05:22:00,"21",TRUE
2024-08-02 06:32:00,"39.1",TRUE
2024-08-02 06:38:00,"29.1",TRUE
2024-08-02 06:43:00,"30.1",TRUE
2024-08-02 06:52:00,"16",TRUE
2024-08-02 07:01:00,"54",TRUE
2024-08-02 07:52:00,"21",TRUE
2024-08-02 08:47:00,"52",TRUE
2024-08-02 13:23:00,"21",TRUE
2024-08-02 14:00:00,"29.1",TRUE
2024-08-02 14:11:00,"30.1",TRUE
2024-08-02 14:14:00,"16",TRUE
2024-08-02 14:20:00,"54",TRUE
2024-08-02 14:41:00,"54",TRUE
2024-08-02 14:47:00,"16",TRUE
2024-08-02 14:50:00,"30.1",TRUE
2024-08-02 14:53:00,"29.1",TRUE
2024-08-02 16:53:00,"29.1",TRUE
2024-08-02 16:56:00,"30.1",TRUE
2024-08-02 17:01:00,"16",TRUE
2024-08-02 17:07:00,"54",TRUE
2024-08-02 17:21:00,"21",TRUE
2024-08-02 17:40:00,"21",TRUE
2024-08-02 17:51:00,"54",TRUE
2024-08-02 17:55:00,"16",TRUE
2024-08-02 17:58:00,"30.1",TRUE
2024-08-02 18:12:00,"29.1",TRUE
2024-08-05 11:06:00,"49",TRUE
2024-08-05 11:35:00,"47",TRUE
2024-08-05 11:37:00,"47",TRUE
2024-08-06 07:41:00,"33",TRUE
2024-08-06 07:47:00,"45",TRUE
2024-08-06 07:53:00,"44",TRUE
2024-08-06 08:02:00,"35",TRUE
2024-08-06 08:38:00,"35",TRUE
2024-08-06 08:49:00,"44",TRUE
2024-08-06 08:51:00,"45",TRUE
2024-08-06 08:58:00,"33",TRUE
2024-08-06 11:30:00,"33",TRUE
2024-08-06 11:35:00,"45",TRUE
2024-08-06 11:41:00,"44",TRUE
2024-08-06 12:04:00,"44",TRUE
2024-08-06 12:11:00,"45",TRUE
2024-08-06 12:16:00,"33",TRUE
2024-08-06 17:18:00,"33",TRUE
2024-08-06 17:24:00,"45",TRUE
2024-08-06 17:29:00,"44",TRUE
2024-08-06 17:39:00,"35",TRUE
2024-08-06 18:11:00,"33",TRUE
2024-08-06 18:15:00,"45",TRUE
2024-08-06 18:24:00,"44",TRUE
2024-08-06 18:30:00,"35",TRUE
2024-08-06 19:03:00,"33",TRUE
2024-08-06 19:10:00,"45",TRUE
2024-08-06 19:11:00,"44",TRUE
2024-08-06 19:18:00,"35",TRUE
2024-08-06 19:52:00,"35",TRUE
2024-08-06 19:58:00,"44",TRUE
2024-08-06 20:01:00,"45",TRUE
2024-08-06 20:07:00,"33",TRUE
2024-08-06 21:01:00,"33",TRUE
2024-08-06 21:09:00,"45",TRUE
2024-08-06 21:15:00,"44",TRUE
2024-08-06 21:22:00,"35",TRUE
2024-08-06 21:41:00,"35",TRUE
2024-08-06 21:48:00,"44",TRUE
2024-08-06 21:49:00,"45",TRUE
2024-08-06 21:54:00,"33",TRUE
2024-08-07 07:39:00,"21",FALSE
2024-08-07 08:02:00,"30.1",TRUE
2024-08-07 08:16:00,"16",TRUE
2024-08-07 08:30:00,"54",TRUE
2024-08-07 10:04:00,"21",TRUE
2024-08-07 11:04:00,"29.1",TRUE
2024-08-07 11:09:00,"30.1",TRUE
2024-08-07 11:16:00,"16",TRUE
2024-08-07 11:24:00,"54",TRUE
2024-08-07 12:07:00,"54",TRUE
2024-08-07 12:17:00,"16",TRUE
2024-08-07 12:23:00,"30.1",TRUE
2024-08-07 12:30:00,"29.1",TRUE
2024-08-07 17:18:00,"29.1",TRUE
2024-08-07 17:21:00,"30.1",TRUE
2024-08-07 17:25:00,"16",TRUE
2024-08-07 17:30:00,"54",TRUE
2024-08-07 17:45:00,"21",TRUE
2024-08-07 18:11:00,"21",TRUE
2024-08-07 18:23:00,"54",TRUE
2024-08-07 18:28:00,"16",TRUE
2024-08-07 18:31:00,"30.1",TRUE
2024-08-07 18:35:00,"29.1",TRUE
2024-08-07 18:59:00,"29.1",TRUE
2024-08-07 19:18:00,"16",TRUE
2024-08-07 19:53:00,"29.1",TRUE
2024-08-07 20:01:00,"30.1",TRUE
2024-08-07 20:07:00,"16",TRUE
2024-08-07 20:11:00,"54",FALSE
2024-08-07 20:51:00,"29.1",TRUE
2024-08-07 20:55:00,"30.1",TRUE
2024-08-07 21:00:00,"16",TRUE
2024-08-07 21:05:00,"54",TRUE
2024-08-07 21:24:00,"21",TRUE
2024-08-07 21:51:00,"54",TRUE
2024-08-07 21:58:00,"16",TRUE
2024-08-07 22:01:00,"30.1",TRUE
2024-08-07 22:03:00,"29.1",TRUE
2024-08-08 07:57:00,"60",TRUE
2024-08-08 08:06:00,"18",TRUE
2024-08-08 08:08:00,"14",TRUE
2024-08-08 08:16:00,"20",TRUE
2024-08-08 08:20:00,"62",TRUE
2024-08-08 08:29:00,"60",TRUE
2024-08-08 08:41:00,"18",TRUE
2024-08-08 08:43:00,"14",TRUE
2024-08-08 08:45:00,"20",TRUE
2024-08-08 08:48:00,"62",TRUE
2024-08-08 09:19:00,"19",TRUE
2024-08-08 09:24:00,"62",TRUE
2024-08-08 09:27:00,"20",TRUE
2024-08-08 09:30:00,"14",TRUE
2024-08-08 09:32:00,"18",TRUE
2024-08-08 10:24:00,"60",TRUE
2024-08-08 10:29:00,"18",TRUE
2024-08-08 10:29:00,"14",TRUE
2024-08-08 10:31:00,"20",TRUE
2024-08-08 10:34:00,"62",TRUE
2024-08-08 10:36:00,"19",TRUE
2024-08-08 11:42:00,"60",TRUE
2024-08-08 11:46:00,"18",TRUE
2024-08-08 11:47:00,"14",TRUE
2024-08-08 11:48:00,"20",TRUE
2024-08-08 11:50:00,"62",TRUE
2024-08-08 11:52:00,"19",TRUE
2024-08-08 12:02:00,"19",TRUE
2024-08-08 12:05:00,"62",TRUE
2024-08-08 12:07:00,"20",TRUE
2024-08-08 12:08:00,"14",TRUE
2024-08-08 12:08:00,"18",TRUE
2024-08-08 17:13:00,"60",TRUE
2024-08-08 17:23:00,"14",TRUE
2024-08-08 17:24:00,"18",TRUE
2024-08-08 17:37:00,"62",TRUE
2024-08-08 17:38:00,"20",TRUE
2024-08-08 17:52:00,"19",TRUE
2024-08-08 18:07:00,"19",TRUE
2024-08-08 18:09:00,"62",TRUE
2024-08-08 18:11:00,"20",TRUE
2024-08-08 18:13:00,"14",TRUE
2024-08-08 18:15:00,"18",TRUE
2024-08-08 18:20:00,"60",TRUE
2024-08-08 18:59:00,"60",TRUE
2024-08-08 19:03:00,"18",TRUE
2024-08-08 19:04:00,"14",TRUE
2024-08-08 19:09:00,"20",TRUE
2024-08-08 19:13:00,"62",TRUE
2024-08-08 19:16:00,"19",TRUE
2024-08-08 20:03:00,"60",TRUE
2024-08-08 20:09:00,"18",TRUE
2024-08-08 20:11:00,"14",TRUE
2024-08-08 20:21:00,"62",TRUE
2024-08-08 20:24:00,"20",TRUE
2024-08-08 20:30:00,"19",TRUE
2024-08-08 20:56:00,"60",TRUE
2024-08-08 21:03:00,"18",TRUE
2024-08-08 21:04:00,"14",TRUE
2024-08-08 21:07:00,"20",TRUE
2024-08-08 21:11:00,"62",TRUE
2024-08-08 21:25:00,"19",TRUE
2024-08-08 22:00:00,"19",TRUE
2024-08-08 22:04:00,"62",TRUE
2024-08-08 22:05:00,"20",TRUE
2024-08-08 22:07:00,"18",TRUE
2024-08-08 22:08:00,"14",TRUE
2024-08-08 22:12:00,"60",TRUE
2024-08-09 08:30:00,"38",TRUE
2024-08-09 08:41:00,"37",TRUE
2024-08-09 09:14:00,"31",TRUE
2024-08-09 11:25:00,"37",TRUE
2024-08-09 11:32:00,"38",TRUE
2024-08-09 12:05:00,"31",TRUE
2024-08-09 12:34:00,"38",TRUE
2024-08-09 12:46:00,"31",TRUE
2024-08-13 04:25:00,"60",TRUE
2024-08-13 04:31:00,"18",TRUE
2024-08-13 04:32:00,"14",TRUE
2024-08-13 04:34:00,"20",TRUE
2024-08-13 04:41:00,"19",TRUE
2024-08-13 05:15:00,"60",TRUE
2024-08-13 05:19:00,"18",TRUE
2024-08-13 05:21:00,"14",TRUE
2024-08-13 05:24:00,"20",TRUE
2024-08-13 05:29:00,"19",TRUE
2024-08-13 06:07:00,"60",TRUE
2024-08-13 06:11:00,"18",TRUE
2024-08-13 06:12:00,"14",TRUE
2024-08-13 06:13:00,"20",TRUE
2024-08-13 06:17:00,"19",TRUE
2024-08-13 07:07:00,"60",TRUE
2024-08-13 07:14:00,"18",TRUE
2024-08-13 07:14:00,"14",TRUE
2024-08-13 07:16:00,"20",TRUE
2024-08-13 07:18:00,"19",TRUE
2024-08-13 08:23:00,"60",TRUE
2024-08-13 08:29:00,"18",TRUE
2024-08-13 08:31:00,"14",TRUE
2024-08-13 08:35:00,"20",TRUE
2024-08-13 08:40:00,"19",TRUE
2024-08-13 09:04:00,"60",TRUE
2024-08-13 09:09:00,"18",TRUE
2024-08-13 09:10:00,"14",TRUE
2024-08-13 09:12:00,"20",TRUE
2024-08-13 09:16:00,"19",TRUE
2024-08-13 13:14:00,"60",TRUE
2024-08-13 13:23:00,"18",TRUE
2024-08-13 13:25:00,"14",TRUE
2024-08-13 13:35:00,"20",TRUE
2024-08-13 13:42:00,"19",TRUE
2024-08-13 14:14:00,"19",TRUE
2024-08-13 14:19:00,"20",TRUE
2024-08-13 14:23:00,"14",TRUE
2024-08-13 14:27:00,"18",TRUE
2024-08-13 14:37:00,"62",TRUE
2024-08-13 15:09:00,"20",FALSE
2024-08-13 15:54:00,"60",TRUE
2024-08-13 16:13:00,"62",TRUE
2024-08-13 16:18:00,"18",TRUE
2024-08-13 16:18:00,"14",TRUE
2024-08-13 16:21:00,"20",TRUE
2024-08-13 16:25:00,"19",TRUE
2024-08-13 18:22:00,"60",TRUE
2024-08-13 18:32:00,"62",TRUE
2024-08-13 18:38:00,"18",TRUE
2024-08-13 18:44:00,"14",TRUE
2024-08-13 18:50:00,"20",TRUE
2024-08-13 18:54:00,"19",TRUE
2024-08-14 04:27:00,"33",TRUE
2024-08-14 04:36:00,"45",TRUE
2024-08-14 04:41:00,"44",TRUE
2024-08-14 04:48:00,"35",TRUE
2024-08-14 05:16:00,"35",TRUE
2024-08-14 05:33:00,"44",TRUE
2024-08-14 05:36:00,"45",TRUE
2024-08-14 05:50:00,"33",TRUE
2024-08-14 07:07:00,"33",TRUE
2024-08-14 07:11:00,"45",TRUE
2024-08-14 07:17:00,"44",TRUE
2024-08-14 07:29:00,"35",TRUE
2024-08-14 07:56:00,"35",TRUE
2024-08-14 08:10:00,"44",TRUE
2024-08-14 08:17:00,"45",TRUE
2024-08-14 08:23:00,"33",TRUE
2024-08-14 09:01:00,"33",TRUE
2024-08-14 09:08:00,"45",TRUE
2024-08-14 09:14:00,"44",TRUE
2024-08-14 13:37:00,"33",TRUE
2024-08-14 14:02:00,"45",TRUE
2024-08-14 14:07:00,"44",TRUE
2024-08-14 14:14:00,"35",TRUE
2024-08-14 14:48:00,"35",TRUE
2024-08-14 15:02:00,"44",TRUE
2024-08-14 15:03:00,"45",TRUE
2024-08-14 15:24:00,"33",TRUE
2024-08-14 17:39:00,"33",TRUE
2024-08-14 17:46:00,"45",TRUE
2024-08-14 17:48:00,"44",TRUE
2024-08-14 18:00:00,"35",TRUE
2024-08-14 18:21:00,"35",TRUE
2024-08-14 18:28:00,"44",TRUE
2024-08-14 18:30:00,"45",TRUE
2024-08-14 18:34:00,"33",TRUE
2024-08-15 04:38:00,"38",TRUE
2024-08-15 04:48:00,"31",TRUE
2024-08-15 05:18:00,"38",TRUE
2024-08-15 05:26:00,"31",TRUE
2024-08-15 06:17:00,"38",TRUE
2024-08-15 06:25:00,"31",TRUE
2024-08-15 07:09:00,"38",TRUE
2024-08-15 07:20:00,"31",TRUE
2024-08-15 08:10:00,"38",TRUE
2024-08-15 08:19:00,"31",TRUE
2024-08-15 09:08:00,"38",TRUE
2024-08-15 09:19:00,"31",TRUE
2024-08-15 13:55:00,"31",TRUE
2024-08-15 14:16:00,"38",TRUE
2024-08-16 04:22:00,"29.1",TRUE
2024-08-16 04:31:00,"30.1",TRUE
2024-08-16 04:42:00,"21",TRUE
2024-08-16 04:50:00,"16",TRUE
2024-08-16 04:58:00,"54",TRUE
2024-08-16 06:25:00,"54",TRUE
2024-08-16 06:43:00,"16",TRUE
2024-08-16 06:56:00,"21",TRUE
2024-08-16 07:17:00,"30.1",TRUE
2024-08-16 08:05:00,"29.1",TRUE
2024-08-16 08:21:00,"30.1",TRUE
2024-08-16 08:26:00,"21",TRUE
2024-08-16 08:34:00,"16",TRUE
2024-08-16 08:41:00,"54",TRUE
2024-08-16 09:01:00,"54",TRUE
2024-08-16 09:09:00,"16",TRUE
2024-08-16 09:11:00,"21",TRUE
2024-08-16 09:29:00,"30.1",TRUE
2024-08-16 09:33:00,"29.1",TRUE
2024-08-16 13:36:00,"29.1",TRUE
2024-08-16 13:49:00,"30.1",TRUE
2024-08-16 13:56:00,"21",TRUE
2024-08-16 14:09:00,"16",TRUE
2024-08-16 14:17:00,"54",TRUE
2024-08-16 14:27:00,"54",TRUE
2024-08-16 14:39:00,"16",TRUE
2024-08-16 14:46:00,"21",TRUE
2024-08-16 14:50:00,"30.1",TRUE
2024-08-16 14:55:00,"29.1",TRUE
2024-08-16 16:07:00,"49",TRUE
2024-08-16 17:35:00,"29.1",TRUE
2024-08-16 17:39:00,"30.1",TRUE
2024-08-16 17:44:00,"21",TRUE
2024-08-16 17:51:00,"16",TRUE
2024-08-16 18:02:00,"54",TRUE
2024-08-16 18:12:00,"54",TRUE
2024-08-16 18:25:00,"16",TRUE
2024-08-16 18:29:00,"21",TRUE
2024-08-16 18:32:00,"30.1",TRUE
2024-08-20 09:10:00,"19",TRUE
2024-08-20 09:10:00,"19",TRUE
2024-08-20 09:39:00,"20",TRUE
2024-08-20 09:39:00,"20",TRUE
2024-08-20 09:39:00,"20",TRUE
2024-08-20 09:39:00,"20",TRUE
2024-08-20 09:54:00,"14",TRUE
2024-08-20 09:54:00,"14",TRUE
2024-08-20 09:54:00,"14",TRUE
2024-08-20 09:54:00,"14",TRUE
2024-08-20 10:40:00,"18",TRUE
2024-08-20 10:40:00,"18",TRUE
2024-08-20 10:40:00,"18",TRUE
2024-08-20 10:40:00,"18",TRUE
2024-08-20 11:03:00,"62",TRUE
2024-08-20 11:03:00,"62",TRUE
2024-08-20 11:03:00,"62",TRUE
2024-08-20 11:03:00,"62",TRUE
2024-08-20 11:41:00,"60",TRUE
2024-08-20 11:41:00,"60",TRUE
2024-08-20 11:41:00,"60",TRUE
2024-08-20 11:41:00,"60",TRUE
2024-08-21 08:30:00,"33",TRUE
2024-08-21 09:12:00,"45",TRUE
2024-08-21 09:32:00,"44",TRUE
2024-08-21 09:50:00,"35",TRUE
2024-08-21 11:04:00,"45",TRUE
2024-08-21 10:30:00,"43",FALSE
2024-08-22 08:28:00,"54",TRUE
2024-08-22 08:59:00,"16",TRUE
2024-08-22 09:13:00,"21",TRUE
2024-08-22 09:42:00,"30.1",TRUE
2024-08-22 10:19:00,"29.1",TRUE
2024-08-22 11:45:00,"39.1",FALSE
2024-08-23 10:50:00,"62",TRUE
2024-08-23 10:50:00,"62",TRUE
2024-08-23 10:50:00,"62",TRUE
2024-08-23 10:50:00,"62",TRUE
2024-08-23 11:35:00,"20",TRUE
2024-08-23 11:35:00,"20",TRUE
2024-08-23 11:35:00,"20",TRUE
2024-08-23 11:35:00,"20",TRUE
2024-08-23 12:03:00,"61",FALSE
2024-08-23 12:03:00,"61",FALSE
2024-08-23 12:28:00,"19",FALSE
2024-08-23 12:28:00,"19",FALSE
2024-08-23 13:18:00,"14",TRUE
2024-08-23 13:18:00,"14",TRUE
2024-08-23 13:18:00,"14",TRUE
2024-08-23 13:18:00,"14",TRUE
2024-08-23 13:19:00,"18",TRUE
2024-08-23 13:19:00,"18",TRUE
2024-08-23 13:19:00,"18",TRUE
2024-08-23 13:19:00,"18",TRUE
2024-08-27 09:41:00,"45",TRUE
2024-08-27 10:32:00,"44",TRUE
2024-08-27 12:19:00,"35",TRUE
